,0_word,0_per,1_word,1_per,2_word,2_per,3_word,3_per,4_word,4_per,5_word,5_per,6_word,6_per,7_word,7_per,8_word,8_per,9_word,9_per,10_word,10_per,11_word,11_per,12_word,12_per,13_word,13_per,14_word,14_per,15_word,15_per,16_word,16_per,17_word,17_per,18_word,18_per,19_word,19_per,20_word,20_per,21_word,21_per,22_word,22_per,23_word,23_per,24_word,24_per,25_word,25_per,26_word,26_per,27_word,27_per,28_word,28_per,29_word,29_per,30_word,30_per,31_word,31_per,32_word,32_per,33_word,33_per,34_word,34_per,35_word,35_per,36_word,36_per,37_word,37_per
0,go,0.176,world,0.123,time,0.023,weird,0.194,free,0.104,water,0.107,movie,0.216,post,0.403,high,0.198,easy,0.172,hold,0.244,play,0.19,site,0.085,man,0.066,large,0.129,love,0.558,know,0.088,news,0.256,pick,0.109,read,0.259,so,0.356,girl,0.309,need,0.592,rest,0.219,make,0.059,people,0.58,group,0.108,get,0.344,send,0.111,vote,0.05,name,0.275,urllink,0.695,wear,0.062,learn,0.099,nbsp,0.494,note,0.122,add,0.224,link,0.12
1,then,0.069,believe,0.103,good,0.021,brother,0.137,study,0.059,catch,0.071,interesting,0.134,return,0.08,choose,0.092,experience,0.156,arm,0.134,game,0.107,office,0.07,story,0.05,color,0.098,true,0.109,think,0.084,fly,0.178,dog,0.07,book,0.17,just,0.242,damn,0.156,sometimes,0.127,college,0.096,take,0.047,country,0.076,fight,0.096,back,0.11,hit,0.102,government,0.046,mention,0.094,rock,0.042,hot,0.052,however,0.096,comment,0.073,view,0.112,create,0.11,hair,0.077
2,there,0.04,student,0.05,day,0.021,st,0.08,sign,0.058,beautiful,0.056,state,0.091,tree,0.056,involve,0.077,personal,0.099,special,0.126,song,0.103,continue,0.055,head,0.042,black,0.083,sex,0.054,say,0.07,major,0.107,ride,0.062,th,0.098,mom,0.033,test,0.081,understand,0.111,inch,0.052,look,0.037,age,0.043,practice,0.076,hour,0.055,child,0.09,somehow,0.044,update,0.07,card,0.027,cold,0.035,question,0.087,box,0.042,step,0.092,character,0.097,church,0.068
3,guy,0.035,lie,0.044,now,0.02,stare,0.072,level,0.047,sorry,0.054,city,0.083,rent,0.042,receive,0.071,leg,0.059,carry,0.084,music,0.077,fill,0.052,stand,0.031,ground,0.067,cousin,0.041,want,0.057,goin,0.037,beat,0.058,rule,0.063,suck,0.027,answer,0.079,ascendancy,0.0,gym,0.051,right,0.029,act,0.041,coffee,0.072,nice,0.048,email,0.073,relate,0.043,ago,0.065,rate,0.019,weather,0.034,apparently,0.056,smart,0.032,build,0.065,window,0.064,ill,0.063
4,home,0.034,chance,0.043,really,0.019,universe,0.05,floor,0.042,usually,0.051,film,0.072,american,0.038,account,0.055,certainly,0.054,swim,0.041,win,0.058,complete,0.051,cat,0.027,doubt,0.052,alive,0.03,feel,0.045,bare,0.017,bar,0.049,page,0.055,shit,0.022,boring,0.061,dreamnt,0.0,peace,0.048,use,0.028,lack,0.035,member,0.071,sleep,0.038,deal,0.068,absolutely,0.043,currently,0.046,available,0.015,taste,0.031,result,0.04,accept,0.03,interested,0.06,difference,0.054,click,0.04
5,fun,0.027,lead,0.039,see,0.019,shout,0.045,teach,0.039,pain,0.047,self,0.061,edge,0.036,medium,0.04,and,0.033,sand,0.04,computer,0.054,shirt,0.046,eye,0.027,compare,0.041,plain,0.022,tell,0.042,unit,0.016,report,0.048,invite,0.032,stupid,0.021,wat,0.046,booooooooring,0.0,angry,0.045,put,0.024,current,0.032,subject,0.048,car,0.035,star,0.063,article,0.039,gift,0.032,month_ago,0.013,red,0.03,poor,0.037,message,0.027,television,0.04,service,0.045,no_long,0.038
6,night,0.025,event,0.036,work,0.019,grandmother,0.044,of_course,0.039,beer,0.038,reach,0.042,dig,0.028,forward,0.033,pressure,0.028,cancer,0.017,listen,0.05,simple,0.037,kill,0.024,rant,0.039,disease,0.011,way,0.04,comin,0.008,low,0.044,appreciate,0.028,lol,0.021,blame,0.037,cara,0.0,hole,0.041,show,0.022,third,0.029,fault,0.048,drive,0.031,season,0.05,poem,0.036,gay,0.029,address,0.012,choice,0.029,strong,0.035,otherwise,0.02,opportunity,0.037,positive,0.037,proceed,0.036
7,watch,0.024,possible,0.033,thing,0.018,unfair,0.018,join,0.038,action,0.038,dumb,0.034,generally,0.025,argue,0.03,it,0.023,embrace,0.011,number,0.043,business,0.036,die,0.023,pink,0.034,annoy,0.01,life,0.04,degradation,0.0,local,0.032,shut,0.025,sister,0.019,badly,0.02,tomroper,0.0,kick_ass,0.039,run,0.019,horrible,0.018,board,0.042,bed,0.023,camera,0.044,faith,0.029,hug,0.025,quiz,0.01,touch,0.025,track,0.035,chip,0.017,tape,0.033,intelligent,0.026,ahead,0.036
8,eat,0.023,present,0.03,come,0.015,brat,0.005,land,0.034,shoe,0.038,interest,0.029,hero,0.018,standard,0.025,individual,0.022,shirts,0.0,tv,0.042,wedding,0.035,such,0.021,strength,0.031,hatred,0.005,never,0.028,herring,0.0,yell,0.029,topic,0.025,fuck,0.018,dat,0.006,typepad,0.0,lap,0.031,more,0.017,therefore,0.012,personally,0.031,phone,0.021,size,0.043,charge,0.026,celebrate,0.023,pig,0.01,sun,0.024,goal,0.032,idiot,0.016,popular,0.032,female,0.021,detail,0.032
9,morning,0.023,war,0.027,here,0.015,comfortably,0.005,proud,0.033,mad,0.035,intention,0.014,slight,0.017,appeal,0.023,painful,0.016,soulless,0.0,attend,0.026,marry,0.032,feeling,0.019,personality,0.031,herring,0.0,let,0.027,squirmy,0.0,shot,0.029,remove,0.024,busy,0.017,typepad,0.0,shirts,0.0,gather,0.03,own,0.017,clearly,0.009,anywhere,0.03,pay,0.021,ton,0.031,language,0.025,theme,0.023,lover,0.009,odd,0.023,letter,0.03,potato,0.015,nature,0.03,script,0.019,judge,0.031
10,cool,0.022,everyday,0.023,much,0.014,spoiled,0.003,pound,0.031,drunk,0.031,exact,0.014,borrow,0.014,skill,0.021,accompany,0.014,degradation,0.0,eventually,0.021,base,0.032,door,0.018,spirit,0.023,squirmy,0.0,mean,0.027,triteness,0.0,feed,0.027,national,0.017,dance,0.015,shirts,0.0,soulless,0.0,plastic,0.028,most,0.017,indicate,0.008,crappy,0.024,about,0.021,dish,0.028,contain,0.025,pocket,0.022,seek,0.009,memory,0.023,serious,0.028,previous,0.014,pic,0.029,launch,0.017,ship,0.025
11,weekend,0.021,afraid,0.022,well,0.014,prodidy,0.0,evil,0.029,jump,0.03,aspect,0.013,relatively,0.014,generation,0.021,sub,0.014,herring,0.0,training,0.019,photo,0.026,save,0.016,industry,0.018,triteness,0.0,always,0.024,nelh,0.0,neighbor,0.026,likely,0.017,anymore,0.015,soulless,0.0,degradation,0.0,needless_say,0.02,all,0.016,disgusting,0.005,cancel,0.023,ass,0.019,healthy,0.023,politic,0.024,perform,0.021,unknown,0.008,dress,0.022,chat,0.028,anti,0.012,speech,0.021,married,0.017,introduce,0.025
12,buy,0.019,human,0.022,other,0.013,flippantly,0.0,random,0.026,draw,0.03,reading,0.013,planning,0.012,favor,0.019,fist,0.014,squirmy,0.0,annoying,0.018,police,0.026,fan,0.015,movement,0.017,nelh,0.0,ask,0.023,erroneous,0.0,sing,0.022,contract,0.01,sick,0.015,degradation,0.0,herring,0.0,freaking,0.016,enough,0.016,primarily,0.003,trash,0.021,wake,0.018,sport,0.023,policy,0.024,science,0.016,rare,0.006,usual,0.022,trouble,0.027,necessary,0.012,constant,0.019,heck,0.017,bore,0.023
13,house,0.019,discover,0.022,find,0.012,kaleidoscope,0.0,wash,0.026,travel,0.024,flick,0.008,stroke,0.011,beauty,0.016,dare,0.012,triteness,0.0,thus,0.016,mess,0.025,road,0.015,vision,0.017,dearth,0.0,person,0.02,bulge,0.0,pop,0.022,beef,0.01,dad,0.014,herring,0.0,triteness,0.0,horribly,0.011,turn,0.015,degradation,0.0,flag,0.02,trip,0.018,baseball,0.021,society,0.024,trick,0.015,guide,0.006,air,0.02,meeting,0.025,laptop,0.009,moral,0.019,squeeze,0.016,dunno,0.022
14,walk,0.018,exist,0.02,too,0.012,simulacrum,0.0,remain,0.025,arrive,0.024,era,0.007,fare,0.004,justice,0.013,poke,0.008,confounding,0.0,chocolate,0.012,speed,0.025,power,0.015,whore,0.016,degradation,0.0,part,0.019,disaggregate,0.0,bite,0.021,variety,0.009,ok,0.012,squirmy,0.0,nelh,0.0,curiosity,0.009,point,0.015,herring,0.0,mainly,0.02,tired,0.018,flight,0.021,religion,0.023,massive,0.015,romantic,0.006,hide,0.019,lesson,0.023,wrestling,0.008,community,0.018,useless,0.015,anyways,0.022
15,sit,0.017,field,0.019,more,0.012,hahahahahhha,0.0,haha,0.022,bottle,0.023,singing,0.007,simulacrum,0.0,volunteer,0.011,symptom,0.006,nelh,0.0,repeat,0.011,stage,0.025,mother,0.015,nicely,0.013,bulge,0.0,word,0.017,bodgit,0.0,station,0.019,entertainment,0.008,on,0.012,triteness,0.0,erroneous,0.0,funky,0.006,side,0.014,squirmy,0.0,quarter,0.017,crazy,0.017,bloody,0.014,pray,0.023,task,0.014,of,0.005,cake,0.018,traffic,0.022,will,0.008,application,0.017,motive,0.003,bastard,0.019
16,pretty,0.015,near,0.019,today,0.012,kirsten,0.0,exam,0.021,quote,0.021,gang,0.005,flippantly,0.0,dictionary,0.01,must,0.005,erroneous,0.0,access,0.011,treat,0.025,normal,0.015,hip,0.012,disaggregate,0.0,mind,0.015,kaleidoscope,0.0,scare,0.018,impressive,0.003,wanna,0.009,nelh,0.0,bulge,0.0,rat,0.005,hand,0.013,triteness,0.0,establish,0.015,off,0.014,successful,0.013,planet,0.023,reserve,0.013,rose,0.005,warm,0.018,crowd,0.02,function,0.007,profile,0.015,cubsesque,0.0,sea,0.018
17,last_night,0.015,respect,0.017,only,0.012,hooded,0.0,normally,0.017,excuse,0.019,economy,0.005,disaggregate,0.0,spanish,0.008,terminal,0.002,bulge,0.0,above,0.01,enter,0.024,record,0.014,pastor,0.009,flippantly,0.0,hate,0.014,soulless,0.0,fate,0.017,history,0.003,egg,0.008,cavie,0.0,disaggregate,0.0,frisbee,0.005,minute,0.013,nelh,0.0,supposedly,0.012,manage,0.013,reflection,0.012,belief,0.022,hence,0.011,romance,0.004,cheer,0.016,tough,0.019,posting,0.007,west,0.014,termite,0.0,spell,0.015
18,meet,0.013,decision,0.017,friend,0.011,wap,0.0,coz,0.015,beach,0.016,detective,0.004,hooded,0.0,melon,0.0,consciously,0.0,disaggregate,0.0,brown,0.01,discuss,0.021,cover,0.014,bunny,0.007,kaleidoscope,0.0,care,0.013,simulacrum,0.0,dvd,0.017,statistic,0.003,alot,0.007,bulge,0.0,flippantly,0.0,bulge,0.0,whole,0.013,erroneous,0.0,nerve,0.01,ready,0.012,newspaper,0.009,bless,0.021,route,0.01,nuts,0.003,spot,0.016,concern,0.016,classroom,0.007,candidate,0.013,disaggregate,0.0,midnight,0.014
19,around,0.013,express,0.017,very,0.011,wml,0.0,request,0.015,aunt,0.013,acting,0.002,kaleidoscope,0.0,cubsesque,0.0,flippantly,0.0,flippantly,0.0,shame,0.008,correct,0.019,dead,0.014,believer,0.007,simulacrum,0.0,hear,0.013,hooded,0.0,journal,0.017,chart,0.003,dry,0.007,disaggregate,0.0,kaleidoscope,0.0,erroneous,0.0,stop,0.012,cubsesque,0.0,partly,0.009,sweet,0.011,jack,0.006,randomly,0.02,observe,0.007,festival,0.003,green,0.015,education,0.015,soap,0.007,arrow,0.003,tapping,0.0,fortunately,0.014
20,later,0.012,grant,0.015,year,0.011,snowblow,0.0,math,0.015,joy,0.011,exquisite,0.0,snowblow,0.0,snowblow,0.0,snowblow,0.0,kaleidoscope,0.0,grass,0.008,blogge,0.018,street,0.014,darling,0.005,hooded,0.0,reason,0.012,snowblow,0.0,bird,0.015,melon,0.0,spring,0.007,flippantly,0.0,simulacrum,0.0,nelh,0.0,fact,0.012,simulacrum,0.0,dislike,0.008,clothe,0.01,inner,0.005,value,0.02,best,0.007,ethic,0.001,rush,0.014,accomplish,0.012,we,0.006,ally,0.002,exquisite,0.0,amazingly,0.012
21,together,0.012,easily,0.014,new,0.011,snowblowing,0.0,success,0.014,emotional,0.01,begging,0.0,typepad,0.0,kaleidoscope,0.0,websurfing,0.0,simulacrum,0.0,awful,0.006,officially,0.014,son,0.013,tapping,0.0,snowblow,0.0,wrong,0.011,snowblowing,0.0,crew,0.014,herring,0.0,chicken,0.006,kaleidoscope,0.0,hooded,0.0,dearth,0.0,sound,0.012,disaggregate,0.0,requirement,0.006,quick,0.01,lad,0.004,switch,0.019,foundation,0.005,tedious,0.0,left,0.014,miserable,0.011,sooo,0.005,dutch,0.002,melon,0.0,sword,0.011
22,able,0.012,gain,0.014,little,0.011,websurfing,0.0,plot,0.013,climb,0.01,melon,0.0,websurfing,0.0,websurfing,0.0,simulacrum,0.0,hooded,0.0,suspect,0.006,slowly,0.013,allow,0.013,exquisite,0.0,snowblowing,0.0,top,0.011,websurfing,0.0,intend,0.014,squirmy,0.0,fool,0.006,simulacrum,0.0,snowblow,0.0,flippantly,0.0,money,0.011,flippantly,0.0,heaven,0.003,shower,0.008,temporary,0.003,regard,0.018,alternative,0.005,irrelevance,0.0,lovely,0.014,pay_attention,0.011,tone,0.004,termite,0.0,websurfing,0.0,co,0.011
23,yesterday,0.012,daily,0.013,start,0.011,musak,0.0,min,0.012,vehicle,0.01,tapping,0.0,cubsesque,0.0,simulacrum,0.0,cubsesque,0.0,snowblow,0.0,irish,0.004,pleasure,0.012,consider,0.012,disaggregate,0.0,erroneous,0.0,real,0.011,cubsesque,0.0,toast,0.013,triteness,0.0,got,0.006,hooded,0.0,squirmy,0.0,kaleidoscope,0.0,wonder,0.011,websurfing,0.0,disaggregate,0.0,lazy,0.007,simulacrum,0.0,president,0.017,palm,0.004,rightness,0.0,park,0.013,display,0.01,pathetic,0.004,begging,0.0,flippantly,0.0,choke,0.008
24,drink,0.011,freedom,0.013,still,0.01,cubsesque,0.0,lil,0.012,giant,0.01,disaggregate,0.0,melon,0.0,snowblowing,0.0,hooded,0.0,snowblowing,0.0,sadness,0.002,cell_phone,0.011,force,0.012,flippantly,0.0,soulless,0.0,even,0.01,flippantly,0.0,monkey,0.012,nelh,0.0,crack,0.005,snowblow,0.0,sulking,0.0,simulacrum,0.0,up,0.011,soulless,0.0,soulless,0.0,breakfast,0.007,hooded,0.0,religious,0.016,ritual,0.003,erroneous,0.0,kiss,0.013,stretch,0.009,instal,0.003,snowblowing,0.0,kaleidoscope,0.0,haircut,0.008
25,less,0.011,button,0.012,do,0.01,nicolaoh,0.0,impossible,0.01,grill,0.01,readmitte,0.0,begging,0.0,hooded,0.0,bulge,0.0,typepad,0.0,skull,0.002,alright,0.01,control,0.012,kaleidoscope,0.0,shirts,0.0,heart,0.01,shirts,0.0,talent,0.012,erroneous,0.0,headache,0.005,snowblowing,0.0,monolithic,0.0,hooded,0.0,realize,0.011,snowblowing,0.0,shirts,0.0,doctor,0.006,wap,0.0,organize,0.015,exquisite,0.0,nelh,0.0,gas,0.012,semester,0.008,minister,0.003,cubsesque,0.0,hooded,0.0,im,0.007
26,decide,0.011,emotion,0.009,first,0.01,melon,0.0,peep,0.01,wide,0.009,indecisive,0.0,exquisite,0.0,bulge,0.0,erroneous,0.0,tomroper,0.0,bliss,0.001,earn,0.009,death,0.012,simulacrum,0.0,typepad,0.0,moment,0.01,tomroper,0.0,don,0.011,bulge,0.0,settle,0.004,websurfing,0.0,cubs,0.0,snowblow,0.0,funny,0.01,snowblow,0.0,exquisite,0.0,schedule,0.005,basiculy,0.0,code,0.014,jokes,0.0,volatility,0.0,reply,0.012,officer,0.008,annoyed,0.003,websurfing,0.0,snowblow,0.0,tommorrow,0.006
27,early,0.011,holy,0.009,week,0.01,begging,0.0,hall,0.01,highlight,0.008,cubsesque,0.0,tapping,0.0,disaggregate,0.0,melon,0.0,dreamnt,0.0,hooded,0.0,cent,0.009,roll,0.012,websurfing,0.0,conservation,0.0,speak,0.009,melon,0.0,belong,0.011,degradation,0.0,surprised,0.004,erroneous,0.0,wap,0.0,snowblowing,0.0,band,0.01,kaleidoscope,0.0,tapping,0.0,fall_asleep,0.004,snowblow,0.0,development,0.013,joneslibrary,0.0,snowblowing,0.0,ear,0.011,irony,0.006,dilemma,0.003,tapping,0.0,snowblowing,0.0,await,0.004
28,hang,0.01,announce,0.008,call,0.01,exquisite,0.0,pile,0.01,playing,0.008,weeke,0.0,termite,0.0,flippantly,0.0,snowblowing,0.0,booooooooring,0.0,simulacrum,0.0,gorgeous,0.006,kick,0.011,snowblow,0.0,arly,0.0,away,0.008,lunchdont,0.0,pilot,0.009,disaggregate,0.0,physical,0.004,rollen,0.0,wml,0.0,websurfing,0.0,second,0.009,hooded,0.0,typepad,0.0,awake,0.004,snowblowing,0.0,magazine,0.011,indecisive,0.0,triteness,0.0,pre,0.011,junior,0.006,native,0.002,melon,0.0,begging,0.0,what,0.002
29,food,0.01,activity,0.008,like,0.009,disaggregate,0.0,please,0.007,singe,0.007,joneslibrary,0.0,readmitte,0.0,dreamnt,0.0,nelh,0.0,wap,0.0,snowblow,0.0,north,0.006,scene,0.011,cubsesque,0.0,prodidy,0.0,light,0.007,careers,0.0,pose,0.008,kaleidoscope,0.0,yea,0.003,cara,0.0,hahahahahhha,0.0,triteness,0.0,problem,0.009,bulge,0.0,tomroper,0.0,friggin,0.003,careers,0.0,christian,0.011,rightness,0.0,squirmy,0.0,rice,0.01,soda,0.006,webpage,0.002,exquisite,0.0,simulacrum,0.0,spaghetti,0.001
30,party,0.01,classic,0.008,try,0.009,bulge,0.0,participate,0.007,uncle,0.007,adversarial,0.0,snowblowing,0.0,nelh,0.0,kaleidoscope,0.0,arboretum,0.0,snowblowing,0.0,saturday,0.006,truly,0.011,begging,0.0,phonecall,0.0,cry,0.007,fallha,0.0,improve,0.008,simulacrum,0.0,surgery,0.003,cubsesque,0.0,kirsten,0.0,disaggregate,0.0,short,0.009,cara,0.0,termite,0.0,nap,0.003,prodidy,0.0,reflect,0.01,readmitte,0.0,herring,0.0,shock,0.009,sleepy,0.005,exclusively,0.001,shirts,0.0,erroneous,0.0,tapping,0.0
31,late,0.009,minor,0.008,even,0.009,erroneous,0.0,pc,0.007,rough,0.007,epigraph,0.0,bulge,0.0,careers,0.0,disaggregate,0.0,phonecall,0.0,websurfing,0.0,ceremony,0.005,bag,0.011,snowblowing,0.0,musak,0.0,hurt,0.007,horticultural,0.0,device,0.007,hooded,0.0,mate,0.003,phonecall,0.0,manhattan,0.0,typepad,0.0,small,0.009,typepad,0.0,cara,0.0,finally,0.002,websurfing,0.0,comfort,0.009,termite,0.0,skimpy,0.0,god,0.009,useful,0.004,snowblow,0.0,hooded,0.0,readmitte,0.0,cdm,0.0
32,type,0.009,combination,0.007,last,0.009,nelh,0.0,halfway,0.006,international,0.007,irrelevance,0.0,squirmy,0.0,basiculy,0.0,gettogether,0.0,musak,0.0,cubsesque,0.0,eager,0.005,mix,0.011,melon,0.0,icebergradio,0.0,list,0.007,enjoi,0.0,repeatedly,0.003,snowblow,0.0,clue,0.003,musak,0.0,icebergradio,0.0,herring,0.0,line,0.009,wap,0.0,readmitte,0.0,south,0.002,cubsesque,0.0,corrupt,0.007,tapping,0.0,degradation,0.0,excellent,0.009,consistently,0.003,booooooooring,0.0,nicolaoh,0.0,fallha,0.0,basiculy,0.0
33,awesome,0.008,become,0.006,also,0.009,careers,0.0,disaster,0.006,entertain,0.005,rightness,0.0,nelh,0.0,wml,0.0,squirmy,0.0,icebergradio,0.0,melon,0.0,after,0.005,smile,0.01,hooded,0.0,balmy,0.0,at_all,0.007,arly,0.0,backyard,0.003,snowblowing,0.0,bullshit,0.003,icebergradio,0.0,balmy,0.0,musak,0.0,face,0.008,kirsten,0.0,booooooooring,0.0,mum,0.002,wml,0.0,consequence,0.007,adversarial,0.0,preferebly,0.0,exchange,0.009,shelter,0.003,dreamnt,0.0,fallha,0.0,wml,0.0,hooded,0.0
34,down,0.007,pure,0.006,as,0.009,basiculy,0.0,basis,0.005,men,0.004,termite,0.0,skippe,0.0,wap,0.0,enjoi,0.0,balmy,0.0,dreamnt,0.0,venue,0.003,imagine,0.01,cubs,0.0,freshy,0.0,give,0.007,prodidy,0.0,consideration,0.003,websurfing,0.0,closet,0.003,balmy,0.0,freshy,0.0,phonecall,0.0,room,0.008,hahahahahhha,0.0,indecisive,0.0,credit_card,0.002,kaleidoscope,0.0,witness,0.007,epigraph,0.0,okdont,0.0,confuse,0.009,committee,0.002,snowblowing,0.0,katie,0.0,basiculy,0.0,snowblow,0.0
35,fast,0.007,overall,0.006,great,0.009,monolithic,0.0,wif,0.004,fame,0.004,jokes,0.0,lunchdont,0.0,kirsten,0.0,bodgit,0.0,freshy,0.0,flippantly,0.0,thingie,0.003,pool,0.01,triteness,0.0,hahahahahhha,0.0,else,0.006,phonecall,0.0,handed,0.002,cubsesque,0.0,hrs,0.002,freshy,0.0,horticultural,0.0,masterclass,0.0,half,0.008,enjoi,0.0,dreamnt,0.0,tomorrow,0.002,fallha,0.0,status,0.007,irrelevance,0.0,epigraph,0.0,apart,0.008,nt,0.001,sulking,0.0,basiculy,0.0,kirsten,0.0,apropos,0.0
36,dinner,0.007,silence,0.005,again,0.008,heartwarme,0.0,forum,0.003,smoothly,0.004,kaleidoscope,0.0,arly,0.0,hahahahahhha,0.0,handwritten,0.0,horticultural,0.0,masterclass,0.0,pie,0.003,dark,0.01,erroneous,0.0,enjoi,0.0,matter,0.006,musak,0.0,portable,0.001,flippantly,0.0,impression,0.002,horticultural,0.0,conservation,0.0,whodunit,0.0,figure,0.008,arly,0.0,kindhearte,0.0,ankle,0.001,kirsten,0.0,employ,0.006,weeke,0.0,wooly,0.0,wander,0.008,tolerate,0.0,hooded,0.0,careers,0.0,wap,0.0,outshine,0.0
37,kinda,0.007,decrease,0.004,write,0.008,enjoi,0.0,dominate,0.003,surprisingly,0.003,snowblowing,0.0,fallha,0.0,lunchdont,0.0,cubs,0.0,conservation,0.0,booooooooring,0.0,preach,0.002,truth,0.01,enjoi,0.0,websurfing,0.0,perfect,0.006,icebergradio,0.0,confession,0.0,soulless,0.0,bro,0.002,enjoi,0.0,snowblowing,0.0,bodgit,0.0,pass,0.008,prodidy,0.0,begging,0.0,suprise,0.001,banged,0.0,http_www,0.006,herring,0.0,adversarial,0.0,cream,0.008,termite,0.0,monolithic,0.0,sulking,0.0,sulking,0.0,mastery,0.0
38,notice,0.007,outline,0.003,lot,0.008,sulking,0.0,league,0.003,cdm,0.0,katie,0.0,careers,0.0,fallha,0.0,monolithic,0.0,arly,0.0,cara,0.0,dorm,0.002,slow,0.01,hahahahahhha,0.0,confounding,0.0,explain,0.006,typepad,0.0,banged,0.0,cubs,0.0,drown,0.001,arly,0.0,botanicum,0.0,gettogether,0.0,boy,0.008,careers,0.0,degradation,0.0,alarm,0.001,tomroper,0.0,convert,0.004,melon,0.0,bulge,0.0,murder,0.007,kindhearte,0.0,cubsesque,0.0,soulless,0.0,perservere,0.0,longevity,0.0
39,stuff,0.006,oddly,0.003,bad,0.008,dreamnt,0.0,bathe,0.002,homeownere,0.0,welljust,0.0,basiculy,0.0,sulking,0.0,sulking,0.0,prodidy,0.0,tomroper,0.0,russian,0.002,scream,0.009,prodidy,0.0,whodunit,0.0,talk,0.006,balmy,0.0,slectively,0.0,typepad,0.0,hearing,0.001,assiduously,0.0,phonecall,0.0,cubs,0.0,thought,0.007,wml,0.0,melon,0.0,ya,0.001,enjoi,0.0,swap,0.004,okdont,0.0,websurfing,0.0,ugly,0.007,flippantly,0.0,cubs,0.0,degradation,0.0,booooooooring,0.0,wearin,0.0
40,birthday,0.006,compassion,0.002,seem,0.008,booooooooring,0.0,honour,0.0,toastere,0.0,wellit,0.0,wml,0.0,erroneous,0.0,dreamnt,0.0,assiduously,0.0,typepad,0.0,equip,0.001,strange,0.009,arly,0.0,bodgit,0.0,be,0.006,hahahahahhha,0.0,syndicate,0.0,rollen,0.0,talk,0.001,tomroper,0.0,musak,0.0,monolithic,0.0,front,0.007,shirts,0.0,cubsesque,0.0,excite,0.001,typepad,0.0,supporter,0.004,nit,0.0,cubsesque,0.0,garden,0.007,kaleidoscope,0.0,websurfing,0.0,herring,0.0,bulge,0.0,disapeare,0.0
41,rain,0.006,sail,0.002,leave,0.008,arly,0.0,dear_reader,0.0,maddness,0.0,skippe,0.0,wap,0.0,masterclass,0.0,triteness,0.0,maddness,0.0,shirts,0.0,ha,0.001,mile,0.008,gettogether,0.0,gettogether,0.0,sad,0.006,whodunit,0.0,secutity,0.0,tioga,0.0,grateful,0.001,masterclasse,0.0,zima,0.0,sulking,0.0,rather,0.007,bodgit,0.0,websurfing,0.0,arrival,0.001,shirts,0.0,uniform,0.003,squirmy,0.0,melon,0.0,discussion,0.007,simulacrum,0.0,simulacrum,0.0,squirmy,0.0,cara,0.0,flirtation,0.0
42,evening,0.006,vow,0.002,long,0.008,cara,0.0,onli,0.0,handwritten,0.0,preferebly,0.0,kirsten,0.0,cara,0.0,booooooooring,0.0,dearth,0.0,soulless,0.0,ptscakes,0.0,energy,0.008,cushy,0.0,cubs,0.0,fucking,0.006,masterclasse,0.0,unitard,0.0,zima,0.0,goodnight,0.0,dearth,0.0,maddness,0.0,dreamnt,0.0,one,0.007,gettogether,0.0,snowblowing,0.0,dose,0.001,soulless,0.0,radical,0.003,triteness,0.0,begging,0.0,poetry,0.007,hooded,0.0,degradation,0.0,triteness,0.0,typepad,0.0,explainable,0.0
43,afternoon,0.005,largely,0.001,few,0.007,typepad,0.0,hypocondriac,0.0,perservere,0.0,pipi,0.0,hahahahahhha,0.0,tomroper,0.0,tomroper,0.0,whodunit,0.0,kaleidoscope,0.0,splendidly,0.0,soul,0.008,monolithic,0.0,monolithic,0.0,alone,0.006,gettogether,0.0,sequin,0.0,ascendancy,0.0,cant,0.0,whodunit,0.0,assiduously,0.0,booooooooring,0.0,laugh,0.007,cubs,0.0,snowblow,0.0,an,0.0,degradation,0.0,issue,0.003,nelh,0.0,hooded,0.0,fellow,0.007,snowblow,0.0,cara,0.0,nelh,0.0,shirts,0.0,wooly,0.0
44,shop,0.005,actress,0.001,old,0.007,shirts,0.0,splendidly,0.0,kindhearte,0.0,okdont,0.0,nicolaoh,0.0,typepad,0.0,typepad,0.0,bodgit,0.0,degradation,0.0,waddle,0.0,fail,0.008,sulking,0.0,sulking,0.0,sense,0.006,cubs,0.0,gematriculator,0.0,assiduously,0.0,legally,0.0,bodgit,0.0,confounding,0.0,cara,0.0,hell,0.007,monolithic,0.0,hooded,0.0,cabin,0.0,herring,0.0,outshine,0.0,erroneous,0.0,exquisite,0.0,float,0.006,irrelevance,0.0,herring,0.0,erroneous,0.0,soulless,0.0,exquisite,0.0
45,shoot,0.005,hopeful,0.001,place,0.007,soulless,0.0,waddle,0.0,masterclass,0.0,nicolaoh,0.0,katie,0.0,shirts,0.0,shirts,0.0,gettogether,0.0,squirmy,0.0,approbation,0.0,slightly,0.008,dreamnt,0.0,dreamnt,0.0,perhaps,0.005,monolithic,0.0,cavie,0.0,confounding,0.0,bark,0.0,gettogether,0.0,dearth,0.0,tomroper,0.0,foot,0.007,sulking,0.0,herring,0.0,sunrise,0.0,squirmy,0.0,mastery,0.0,bulge,0.0,simulacrum,0.0,noise,0.006,snowblowing,0.0,typepad,0.0,bulge,0.0,degradation,0.0,volatility,0.0
46,pm,0.005,thrive,0.0,talk,0.007,degradation,0.0,ptscakes,0.0,heartwarme,0.0,nix,0.0,kindhearte,0.0,soulless,0.0,soulless,0.0,cubs,0.0,triteness,0.0,favourable,0.0,pant,0.007,bulge,0.0,booooooooring,0.0,tear,0.005,sulking,0.0,cushy,0.0,dearth,0.0,really,0.0,cubs,0.0,whodunit,0.0,cubsesque,0.0,team,0.007,dreamnt,0.0,squirmy,0.0,home,0.0,triteness,0.0,perservere,0.0,disaggregate,0.0,snowblow,0.0,spare,0.006,epigraph,0.0,flippantly,0.0,disaggregate,0.0,herring,0.0,irrelevance,0.0
47,am,0.005,rightness,0.0,next,0.007,herring,0.0,secutity,0.0,preventative,0.0,yupit,0.0,shirts,0.0,degradation,0.0,degradation,0.0,monolithic,0.0,nelh,0.0,homo,0.0,fair,0.007,booooooooring,0.0,cara,0.0,title,0.004,dreamnt,0.0,favourable,0.0,whodunit,0.0,slectively,0.0,monolithic,0.0,bodgit,0.0,shirts,0.0,cut,0.007,booooooooring,0.0,simulacrum,0.0,stay,0.0,nelh,0.0,longevity,0.0,flippantly,0.0,tapping,0.0,sweat,0.006,indecisive,0.0,disaggregate,0.0,flippantly,0.0,squirmy,0.0,epigraph,0.0
48,store,0.005,irrelevance,0.0,keep,0.007,tapping,0.0,approbation,0.0,masterclasse,0.0,bulge,0.0,soulless,0.0,herring,0.0,herring,0.0,sulking,0.0,erroneous,0.0,gematriculator,0.0,freak,0.007,tomroper,0.0,tomroper,0.0,voice,0.004,booooooooring,0.0,snowblowing,0.0,bodgit,0.0,syndicate,0.0,sulking,0.0,gettogether,0.0,soulless,0.0,body,0.006,melon,0.0,jokes,0.0,head,0.0,hahahahahhha,0.0,wearin,0.0,kaleidoscope,0.0,flippantly,0.0,wound,0.006,cubsesque,0.0,bulge,0.0,readmitte,0.0,triteness,0.0,adversarial,0.0
49,several,0.005,snowblow,0.0,maybe,0.007,squirmy,0.0,staggeringly,0.0,waddle,0.0,skimpy,0.0,degradation,0.0,squirmy,0.0,begging,0.0,websurfing,0.0,bulge,0.0,hypocondriac,0.0,corner,0.006,typepad,0.0,masterclass,0.0,certain,0.004,cara,0.0,flirtation,0.0,gettogether,0.0,banged,0.0,dreamnt,0.0,arboretum,0.0,degradation,0.0,young,0.006,tomroper,0.0,triteness,0.0,unitard,0.0,melon,0.0,disapeare,0.0,simulacrum,0.0,readmitte,0.0,jacket,0.006,melon,0.0,erroneous,0.0,kaleidoscope,0.0,nelh,0.0,snowblowing,0.0
50,glad,0.004,epigraph,0.0,guess,0.007,triteness,0.0,favourable,0.0,staggeringly,0.0,flippantly,0.0,herring,0.0,begging,0.0,cara,0.0,cara,0.0,begging,0.0,sequin,0.0,shake,0.006,shirts,0.0,cubsesque,0.0,space,0.004,kirsten,0.0,homo,0.0,begging,0.0,cavie,0.0,booooooooring,0.0,websurfing,0.0,squirmy,0.0,anyway,0.006,masterclasse,0.0,nelh,0.0,volatility,0.0,erroneous,0.0,melon,0.0,hooded,0.0,indecisive,0.0,cloud,0.006,begging,0.0,shirts,0.0,simulacrum,0.0,tomroper,0.0,joneslibrary,0.0
51,cute,0.004,snowblowing,0.0,blog,0.007,tomroper,0.0,apropos,0.0,gematriculator,0.0,volatility,0.0,indecisive,0.0,booooooooring,0.0,exquisite,0.0,cubsesque,0.0,disaggregate,0.0,sanctimoniously,0.0,suddenly,0.006,soulless,0.0,begging,0.0,mouth,0.004,begging,0.0,hypocondriac,0.0,monolithic,0.0,cushy,0.0,confounding,0.0,melon,0.0,melon,0.0,stick,0.006,begging,0.0,erroneous,0.0,approbation,0.0,bulge,0.0,flirtation,0.0,snowblow,0.0,jokes,0.0,lip,0.006,adversarial,0.0,nelh,0.0,snowblow,0.0,indecisive,0.0,websurfing,0.0
52,cook,0.004,websurfing,0.0,ever,0.007,termite,0.0,sanctimoniously,0.0,syndicate,0.0,simulacrum,0.0,triteness,0.0,triteness,0.0,indecisive,0.0,exquisite,0.0,herring,0.0,unitard,0.0,drain,0.006,degradation,0.0,basiculy,0.0,mostly,0.003,termite,0.0,splendidly,0.0,sulking,0.0,maddness,0.0,melon,0.0,frontline,0.0,termite,0.0,that,0.006,readmitte,0.0,kaleidoscope,0.0,waddle,0.0,disaggregate,0.0,explainable,0.0,snowblowing,0.0,weeke,0.0,grocery_store,0.006,joneslibrary,0.0,triteness,0.0,indecisive,0.0,dreamnt,0.0,cubsesque,0.0
53,remind,0.004,cubsesque,0.0,sure,0.007,joneslibrary,0.0,cara,0.0,secutity,0.0,hooded,0.0,erroneous,0.0,readmitte,0.0,termite,0.0,begging,0.0,exquisite,0.0,staggeringly,0.0,kitty,0.006,herring,0.0,ravine,0.0,deep,0.003,tapping,0.0,sanctimoniously,0.0,dreamnt,0.0,secutity,0.0,tapping,0.0,jinny,0.0,exquisite,0.0,lunch,0.006,tapping,0.0,flippantly,0.0,kindhearte,0.0,lunchdont,0.0,wooly,0.0,volatility,0.0,disaggregate,0.0,tan,0.006,weeke,0.0,soulless,0.0,epigraph,0.0,weeke,0.0,melon,0.0
54,leave,0.004,adversarial,0.0,end,0.007,indecisive,0.0,cdm,0.0,slectively,0.0,snowblow,0.0,jokes,0.0,tapping,0.0,homo,0.0,jinny,0.0,jokes,0.0,jokes,0.0,period,0.006,squirmy,0.0,sanctimoniously,0.0,listen,0.003,sanctimoniously,0.0,ptscakes,0.0,booooooooring,0.0,unitard,0.0,exquisite,0.0,ravine,0.0,ravine,0.0,follow,0.006,sanctimoniously,0.0,bulge,0.0,heartwarme,0.0,flippantly,0.0,exquisite,0.0,websurfing,0.0,joneslibrary,0.0,liquid,0.005,jokes,0.0,squirmy,0.0,weeke,0.0,hypocondriac,0.0,weeke,0.0
55,while,0.003,melon,0.0,hope,0.006,splendidly,0.0,outshine,0.0,sequin,0.0,websurfing,0.0,rightness,0.0,sanctimoniously,0.0,ptscakes,0.0,ravine,0.0,termite,0.0,weeke,0.0,homework,0.005,termite,0.0,homo,0.0,thing,0.003,homo,0.0,degradation,0.0,cara,0.0,wooly,0.0,divot,0.0,sanctimoniously,0.0,sanctimoniously,0.0,drop,0.006,homo,0.0,weeke,0.0,handwritten,0.0,cara,0.0,indecisive,0.0,cubsesque,0.0,kaleidoscope,0.0,wine,0.005,exquisite,0.0,kaleidoscope,0.0,staggeringly,0.0,staggeringly,0.0,jokes,0.0
56,pizza,0.003,weeke,0.0,actually,0.006,hypocondriac,0.0,unitard,0.0,unitard,0.0,wooly,0.0,joneslibrary,0.0,homo,0.0,splendidly,0.0,sanctimoniously,0.0,sanctimoniously,0.0,explainable,0.0,daughter,0.005,nelh,0.0,ptscakes,0.0,original,0.003,ptscakes,0.0,disapeare,0.0,tomroper,0.0,gematriculator,0.0,jinny,0.0,homo,0.0,homo,0.0,seriously,0.006,ptscakes,0.0,volatility,0.0,masterclasse,0.0,readmitte,0.0,tapping,0.0,begging,0.0,termite,0.0,boil,0.005,tapping,0.0,tomroper,0.0,waddle,0.0,waddle,0.0,indecisive,0.0
57,milk,0.003,begging,0.0,happen,0.006,staggeringly,0.0,disapeare,0.0,divot,0.0,cdm,0.0,staggeringly,0.0,ptscakes,0.0,hypocondriac,0.0,homo,0.0,homo,0.0,flirtation,0.0,famous,0.005,cara,0.0,splendidly,0.0,restaurant,0.003,splendidly,0.0,approbation,0.0,shirts,0.0,favourable,0.0,ravine,0.0,ptscakes,0.0,ptscakes,0.0,lady,0.006,splendidly,0.0,adversarial,0.0,mastery,0.0,exquisite,0.0,volatility,0.0,wooly,0.0,disapeare,0.0,imagination,0.005,websurfing,0.0,readmitte,0.0,approbation,0.0,approbation,0.0,readmitte,0.0
58,cd,0.003,exquisite,0.0,big,0.006,waddle,0.0,epigraph,0.0,hypocondriac,0.0,flirtation,0.0,waddle,0.0,splendidly,0.0,staggeringly,0.0,ptscakes,0.0,ptscakes,0.0,secutity,0.0,scary,0.005,readmitte,0.0,hypocondriac,0.0,ever,0.003,hypocondriac,0.0,cdm,0.0,exquisite,0.0,rightness,0.0,sanctimoniously,0.0,splendidly,0.0,splendidly,0.0,fine,0.005,hypocondriac,0.0,staggeringly,0.0,masterclass,0.0,divot,0.0,termite,0.0,apropos,0.0,flirtation,0.0,cell,0.005,readmitte,0.0,begging,0.0,favourable,0.0,favourable,0.0,termite,0.0
59,chair,0.003,tapping,0.0,many,0.006,approbation,0.0,explainable,0.0,splendidly,0.0,secutity,0.0,approbation,0.0,hypocondriac,0.0,waddle,0.0,splendidly,0.0,splendidly,0.0,adversarial,0.0,rarely,0.005,irrelevance,0.0,staggeringly,0.0,suffer,0.002,staggeringly,0.0,heartwarme,0.0,irrelevance,0.0,outshine,0.0,homo,0.0,hypocondriac,0.0,hypocondriac,0.0,website,0.005,staggeringly,0.0,waddle,0.0,maddness,0.0,jinny,0.0,rightness,0.0,flirtation,0.0,secutity,0.0,moon,0.005,disaggregate,0.0,cdm,0.0,gematriculator,0.0,gematriculator,0.0,begging,0.0
60,huge,0.003,termite,0.0,live,0.006,favourable,0.0,wooly,0.0,ptscakes,0.0,slectively,0.0,favourable,0.0,staggeringly,0.0,approbation,0.0,hypocondriac,0.0,hypocondriac,0.0,epigraph,0.0,attack,0.005,jokes,0.0,waddle,0.0,twice,0.002,waddle,0.0,mastery,0.0,termite,0.0,cdm,0.0,ptscakes,0.0,staggeringly,0.0,staggeringly,0.0,same,0.005,waddle,0.0,approbation,0.0,cushy,0.0,ravine,0.0,readmitte,0.0,unitard,0.0,slectively,0.0,clock,0.005,volatility,0.0,divot,0.0,sequin,0.0,sequin,0.0,rightness,0.0
61,spend,0.003,readmitte,0.0,wait,0.006,gematriculator,0.0,volatility,0.0,homo,0.0,syndicate,0.0,gematriculator,0.0,waddle,0.0,favourable,0.0,staggeringly,0.0,staggeringly,0.0,irrelevance,0.0,alcohol,0.005,homo,0.0,approbation,0.0,screen,0.002,approbation,0.0,longevity,0.0,divot,0.0,masterclass,0.0,splendidly,0.0,waddle,0.0,waddle,0.0,pull,0.005,approbation,0.0,favourable,0.0,cavie,0.0,sanctimoniously,0.0,irrelevance,0.0,secutity,0.0,syndicate,0.0,storm,0.005,approbation,0.0,jinny,0.0,unitard,0.0,unitard,0.0,divot,0.0
62,load,0.003,indecisive,0.0,give,0.006,sequin,0.0,rightness,0.0,sanctimoniously,0.0,banged,0.0,sequin,0.0,approbation,0.0,gematriculator,0.0,waddle,0.0,waddle,0.0,rightness,0.0,knee,0.005,ptscakes,0.0,jinny,0.0,forget,0.002,favourable,0.0,kindhearte,0.0,jinny,0.0,explainable,0.0,hypocondriac,0.0,divot,0.0,approbation,0.0,internet,0.005,favourable,0.0,gematriculator,0.0,disapeare,0.0,homo,0.0,epigraph,0.0,slectively,0.0,banged,0.0,intellectual,0.004,favourable,0.0,ravine,0.0,secutity,0.0,secutity,0.0,waddle,0.0
63,mall,0.003,jokes,0.0,one,0.006,unitard,0.0,irrelevance,0.0,hooded,0.0,cavie,0.0,unitard,0.0,favourable,0.0,sanctimoniously,0.0,divot,0.0,approbation,0.0,volatility,0.0,hardly,0.004,splendidly,0.0,favourable,0.0,bright,0.002,ravine,0.0,wearin,0.0,spiky,0.0,flirtation,0.0,staggeringly,0.0,approbation,0.0,jinny,0.0,program,0.005,ravine,0.0,sequin,0.0,banged,0.0,ptscakes,0.0,adversarial,0.0,syndicate,0.0,cavie,0.0,engine,0.004,gematriculator,0.0,sanctimoniously,0.0,slectively,0.0,splendidly,0.0,musak,0.0
64,buck,0.003,joneslibrary,0.0,change,0.005,secutity,0.0,wearin,0.0,jinny,0.0,cushy,0.0,secutity,0.0,gematriculator,0.0,sequin,0.0,approbation,0.0,favourable,0.0,wooly,0.0,insane,0.004,hypocondriac,0.0,sequin,0.0,blogger,0.002,gematriculator,0.0,perservere,0.0,ravine,0.0,squirmy,0.0,waddle,0.0,gematriculator,0.0,favourable,0.0,project,0.005,gematriculator,0.0,unitard,0.0,longevity,0.0,splendidly,0.0,joneslibrary,0.0,banged,0.0,cushy,0.0,ocean,0.004,sequin,0.0,homo,0.0,syndicate,0.0,slectively,0.0,icebergradio,0.0
65,dad,0.003,simulacrum,0.0,school,0.005,slectively,0.0,flirtation,0.0,nit,0.0,maddness,0.0,hypocondriac,0.0,sequin,0.0,secutity,0.0,gematriculator,0.0,gematriculator,0.0,joneslibrary,0.0,realise,0.004,staggeringly,0.0,unitard,0.0,sink,0.002,unitard,0.0,divot,0.0,sanctimoniously,0.0,disapeare,0.0,approbation,0.0,sequin,0.0,sequin,0.0,cause,0.005,unitard,0.0,secutity,0.0,wooly,0.0,hypocondriac,0.0,weeke,0.0,cavie,0.0,maddness,0.0,japanese,0.003,unitard,0.0,ptscakes,0.0,banged,0.0,banged,0.0,maddness,0.0
66,look_forward,0.002,jinny,0.0,help,0.005,syndicate,0.0,adversarial,0.0,cavie,0.0,masterclass,0.0,slectively,0.0,unitard,0.0,slectively,0.0,sequin,0.0,sequin,0.0,bodgit,0.0,affect,0.004,waddle,0.0,secutity,0.0,upset,0.002,secutity,0.0,apropos,0.0,homo,0.0,wearin,0.0,favourable,0.0,unitard,0.0,unitard,0.0,bitch,0.005,secutity,0.0,hypocondriac,0.0,nelh,0.0,cdm,0.0,jokes,0.0,cushy,0.0,masterclass,0.0,contemplate,0.003,secutity,0.0,splendidly,0.0,cavie,0.0,cavie,0.0,masterclass,0.0
67,head,0.002,wooly,0.0,move,0.005,banged,0.0,ravine,0.0,skimpy,0.0,masterclasse,0.0,banged,0.0,secutity,0.0,syndicate,0.0,unitard,0.0,unitard,0.0,longevity,0.0,breathe,0.004,approbation,0.0,slectively,0.0,yard,0.002,slectively,0.0,maddness,0.0,ptscakes,0.0,longevity,0.0,gematriculator,0.0,secutity,0.0,secutity,0.0,completely,0.005,slectively,0.0,slectively,0.0,slectively,0.0,staggeringly,0.0,begging,0.0,maddness,0.0,masterclasse,0.0,tender,0.003,slectively,0.0,hypocondriac,0.0,cushy,0.0,cushy,0.0,masterclasse,0.0
68,episode,0.002,maddness,0.0,have,0.005,cavie,0.0,homo,0.0,weeke,0.0,handwritten,0.0,cavie,0.0,slectively,0.0,banged,0.0,secutity,0.0,secutity,0.0,ravine,0.0,along,0.004,sanctimoniously,0.0,syndicate,0.0,slip,0.002,syndicate,0.0,wooly,0.0,babystyle,0.0,mastery,0.0,sequin,0.0,slectively,0.0,slectively,0.0,issue,0.005,syndicate,0.0,banged,0.0,secutity,0.0,approbation,0.0,apropos,0.0,masterclass,0.0,handwritten,0.0,strip,0.003,waddle,0.0,staggeringly,0.0,maddness,0.0,maddness,0.0,handwritten,0.0
69,yay,0.002,cushy,0.0,bit,0.005,cushy,0.0,gematriculator,0.0,empanada,0.0,heartwarme,0.0,cushy,0.0,syndicate,0.0,cavie,0.0,slectively,0.0,slectively,0.0,slectively,0.0,owner,0.003,favourable,0.0,banged,0.0,response,0.002,banged,0.0,masterclasse,0.0,splendidly,0.0,volatility,0.0,unitard,0.0,syndicate,0.0,syndicate,0.0,white,0.005,banged,0.0,cavie,0.0,favourable,0.0,favourable,0.0,cubsesque,0.0,masterclasse,0.0,heartwarme,0.0,tornado,0.003,syndicate,0.0,waddle,0.0,masterclass,0.0,masterclass,0.0,heartwarme,0.0
70,pot,0.002,cavie,0.0,happy,0.005,maddness,0.0,cubsesque,0.0,joneslibrary,0.0,kindhearte,0.0,maddness,0.0,banged,0.0,cushy,0.0,syndicate,0.0,syndicate,0.0,kaleidoscope,0.0,proper,0.003,sequin,0.0,cavie,0.0,guest,0.001,cavie,0.0,websurfing,0.0,staggeringly,0.0,sequin,0.0,secutity,0.0,banged,0.0,banged,0.0,kind_of,0.005,cavie,0.0,cushy,0.0,gematriculator,0.0,gematriculator,0.0,divot,0.0,handwritten,0.0,kindhearte,0.0,permit,0.003,cavie,0.0,approbation,0.0,masterclasse,0.0,masterclasse,0.0,kindhearte,0.0
71,nasty,0.002,banged,0.0,remember,0.005,masterclass,0.0,divot,0.0,adversarial,0.0,perservere,0.0,masterclass,0.0,cavie,0.0,maddness,0.0,banged,0.0,banged,0.0,jinny,0.0,source,0.003,unitard,0.0,cushy,0.0,phrase,0.001,cushy,0.0,hooded,0.0,waddle,0.0,masterclasse,0.0,slectively,0.0,cavie,0.0,cavie,0.0,ball,0.005,cushy,0.0,maddness,0.0,sequin,0.0,sequin,0.0,kindhearte,0.0,heartwarme,0.0,perservere,0.0,flesh,0.003,cushy,0.0,favourable,0.0,handwritten,0.0,handwritten,0.0,perservere,0.0
72,average,0.002,syndicate,0.0,stay,0.005,masterclasse,0.0,joneslibrary,0.0,epigraph,0.0,preventative,0.0,masterclasse,0.0,cushy,0.0,masterclass,0.0,cavie,0.0,cavie,0.0,outshine,0.0,aim,0.003,secutity,0.0,tioga,0.0,exactly,0.001,maddness,0.0,cubsesque,0.0,approbation,0.0,irrelevance,0.0,syndicate,0.0,rollen,0.0,cushy,0.0,give,0.005,maddness,0.0,masterclass,0.0,syndicate,0.0,unitard,0.0,heartwarme,0.0,kindhearte,0.0,preventative,0.0,torture,0.003,maddness,0.0,gematriculator,0.0,heartwarme,0.0,heartwarme,0.0,preventative,0.0
73,everytime,0.002,slectively,0.0,month,0.005,gettogether,0.0,erroneous,0.0,irrelevance,0.0,toastere,0.0,handwritten,0.0,whodunit,0.0,zima,0.0,tioga,0.0,cushy,0.0,soulless,0.0,specifically,0.003,slectively,0.0,gematriculator,0.0,tool,0.001,confounding,0.0,melon,0.0,favourable,0.0,heartwarme,0.0,banged,0.0,favourable,0.0,rollen,0.0,crap,0.004,assiduously,0.0,masterclasse,0.0,disaggregate,0.0,secutity,0.0,handwritten,0.0,perservere,0.0,toastere,0.0,lost,0.002,masterclass,0.0,sequin,0.0,kindhearte,0.0,confounding,0.0,toastere,0.0
74,flash,0.001,secutity,0.0,miss,0.005,ptscakes,0.0,bulge,0.0,jokes,0.0,homeownere,0.0,cara,0.0,ravine,0.0,unitard,0.0,favourable,0.0,assiduously,0.0,degradation,0.0,occasion,0.003,syndicate,0.0,divot,0.0,maybe,0.001,sequin,0.0,begging,0.0,gematriculator,0.0,indecisive,0.0,cdm,0.0,cdm,0.0,gematriculator,0.0,other,0.004,sequin,0.0,handwritten,0.0,rightness,0.0,slectively,0.0,masterclasse,0.0,preventative,0.0,homeownere,0.0,foolish,0.002,masterclasse,0.0,unitard,0.0,hypocondriac,0.0,syndicate,0.0,homeownere,0.0
75,firework,0.001,unitard,0.0,thank,0.005,homo,0.0,disaggregate,0.0,rightness,0.0,erroneous,0.0,syndicate,0.0,jinny,0.0,tapping,0.0,melon,0.0,ravine,0.0,herring,0.0,performance,0.003,banged,0.0,cdm,0.0,darkness,0.001,exquisite,0.0,exquisite,0.0,believin,0.0,readmitte,0.0,apropos,0.0,apropos,0.0,begging,0.0,form,0.004,exquisite,0.0,assiduously,0.0,snowblowing,0.0,sulking,0.0,masterclass,0.0,toastere,0.0,monolithic,0.0,literary,0.002,handwritten,0.0,pucker,0.0,splendidly,0.0,jokes,0.0,nit,0.0
76,naturally,0.001,sequin,0.0,class,0.005,sanctimoniously,0.0,cavie,0.0,volatility,0.0,unitard,0.0,splendidly,0.0,divot,0.0,ravine,0.0,cdm,0.0,tapping,0.0,squirmy,0.0,fantasy,0.003,zima,0.0,apropos,0.0,teenager,0.001,jinny,0.0,tapping,0.0,pucker,0.0,termite,0.0,outshine,0.0,outshine,0.0,divot,0.0,middle,0.004,jinny,0.0,syndicate,0.0,websurfing,0.0,waddle,0.0,maddness,0.0,dreamnt,0.0,unitard,0.0,roman,0.002,degradation,0.0,apropos,0.0,ptscakes,0.0,ptscakes,0.0,balmy,0.0
77,btw,0.001,gematriculator,0.0,hard,0.005,ravine,0.0,flippantly,0.0,wooly,0.0,sequin,0.0,ptscakes,0.0,cdm,0.0,divot,0.0,outshine,0.0,jinny,0.0,triteness,0.0,thousand,0.003,gematriculator,0.0,exquisite,0.0,after_all,0.001,cdm,0.0,homeownere,0.0,hypocondriac,0.0,tapping,0.0,mastery,0.0,begging,0.0,apropos,0.0,dude,0.004,cdm,0.0,joneslibrary,0.0,cubsesque,0.0,begging,0.0,cushy,0.0,sequin,0.0,sequin,0.0,horizon,0.002,banged,0.0,outshine,0.0,homo,0.0,sanctimoniously,0.0,disaggregate,0.0
78,net,0.001,favourable,0.0,job,0.004,jokes,0.0,kaleidoscope,0.0,explainable,0.0,gematriculator,0.0,homo,0.0,termite,0.0,readmitte,0.0,wml,0.0,cdm,0.0,nelh,0.0,open,0.003,ravine,0.0,tapping,0.0,fake,0.001,katie,0.0,termite,0.0,cdm,0.0,jokes,0.0,cushy,0.0,exquisite,0.0,tapping,0.0,clear,0.004,termite,0.0,splendidly,0.0,hooded,0.0,apropos,0.0,cavie,0.0,explainable,0.0,gematriculator,0.0,ancient,0.002,staggeringly,0.0,mastery,0.0,joneslibrary,0.0,hahahahahhha,0.0,simulacrum,0.0
79,watch_tv,0.001,approbation,0.0,stuff,0.004,weeke,0.0,simulacrum,0.0,flirtation,0.0,favourable,0.0,adversarial,0.0,arly,0.0,prodidy,0.0,tapping,0.0,readmitte,0.0,erroneous,0.0,confidence,0.003,jinny,0.0,termite,0.0,pit,0.001,readmitte,0.0,toastere,0.0,apropos,0.0,exquisite,0.0,termite,0.0,tapping,0.0,arly,0.0,joke,0.004,musak,0.0,homo,0.0,melon,0.0,mastery,0.0,banged,0.0,gematriculator,0.0,favourable,0.0,empire,0.002,hypocondriac,0.0,longevity,0.0,adversarial,0.0,joneslibrary,0.0,cushy,0.0
80,ppl,0.001,waddle,0.0,finally,0.004,okdont,0.0,banged,0.0,indecisive,0.0,disapeare,0.0,epigraph,0.0,indecisive,0.0,jokes,0.0,termite,0.0,indecisive,0.0,bulge,0.0,scratch,0.002,divot,0.0,readmitte,0.0,confusing,0.001,indecisive,0.0,readmitte,0.0,outshine,0.0,begging,0.0,prodidy,0.0,termite,0.0,readmitte,0.0,recently,0.004,indecisive,0.0,epigraph,0.0,begging,0.0,tapping,0.0,syndicate,0.0,approbation,0.0,skippe,0.0,strangely,0.002,splendidly,0.0,exquisite,0.0,wml,0.0,adversarial,0.0,jinny,0.0
81,adventure,0.001,staggeringly,0.0,probably,0.004,adversarial,0.0,hooded,0.0,disapeare,0.0,wearin,0.0,irrelevance,0.0,jokes,0.0,weeke,0.0,readmitte,0.0,kirsten,0.0,disaggregate,0.0,hungry,0.002,weeke,0.0,indecisive,0.0,ed,0.001,jokes,0.0,indecisive,0.0,readmitte,0.0,melon,0.0,readmitte,0.0,readmitte,0.0,indecisive,0.0,in,0.004,jokes,0.0,irrelevance,0.0,exquisite,0.0,termite,0.0,slectively,0.0,disapeare,0.0,wearin,0.0,utterly,0.002,wooly,0.0,tapping,0.0,irrelevance,0.0,epigraph,0.0,cavie,0.0
82,tonite,0.001,volatility,0.0,spend,0.004,epigraph,0.0,snowblow,0.0,readmitte,0.0,longevity,0.0,wellit,0.0,weeke,0.0,joneslibrary,0.0,indecisive,0.0,weeke,0.0,flippantly,0.0,depth,0.002,joneslibrary,0.0,jokes,0.0,spit,0.001,weeke,0.0,jokes,0.0,indecisive,0.0,apropos,0.0,indecisive,0.0,indecisive,0.0,jokes,0.0,information,0.004,weeke,0.0,rightness,0.0,apropos,0.0,katie,0.0,secutity,0.0,wearin,0.0,longevity,0.0,linger,0.002,bulge,0.0,termite,0.0,rightness,0.0,irrelevance,0.0,syndicate,0.0
83,plenty,0.001,hypocondriac,0.0,idea,0.004,irrelevance,0.0,syndicate,0.0,eating_habit,0.0,mastery,0.0,volatility,0.0,joneslibrary,0.0,adversarial,0.0,jokes,0.0,joneslibrary,0.0,apropos,0.0,anger,0.002,adversarial,0.0,weeke,0.0,cruel,0.001,joneslibrary,0.0,masterclass,0.0,jokes,0.0,weeke,0.0,jokes,0.0,jokes,0.0,weeke,0.0,case,0.004,joneslibrary,0.0,wml,0.0,tapping,0.0,indecisive,0.0,unitard,0.0,longevity,0.0,mastery,0.0,analysis,0.002,explainable,0.0,slectively,0.0,volatility,0.0,rightness,0.0,ravine,0.0
84,senior,0.001,ptscakes,0.0,family,0.004,rightness,0.0,sequin,0.0,termite,0.0,outshine,0.0,wooly,0.0,adversarial,0.0,epigraph,0.0,weeke,0.0,adversarial,0.0,divot,0.0,capture,0.002,epigraph,0.0,joneslibrary,0.0,before,0.001,adversarial,0.0,weeke,0.0,weeke,0.0,cubsesque,0.0,weeke,0.0,weeke,0.0,joneslibrary,0.0,situation,0.003,adversarial,0.0,wooly,0.0,termite,0.0,jokes,0.0,sequin,0.0,mastery,0.0,outshine,0.0,executive,0.002,flirtation,0.0,indecisive,0.0,wooly,0.0,volatility,0.0,sanctimoniously,0.0
85,afterwards,0.001,homo,0.0,far,0.004,volatility,0.0,snowblowing,0.0,longevity,0.0,apropos,0.0,explainable,0.0,epigraph,0.0,irrelevance,0.0,joneslibrary,0.0,epigraph,0.0,simulacrum,0.0,dragon,0.002,wap,0.0,adversarial,0.0,all,0.0,epigraph,0.0,adversarial,0.0,joneslibrary,0.0,handwritten,0.0,joneslibrary,0.0,joneslibrary,0.0,adversarial,0.0,public,0.003,epigraph,0.0,explainable,0.0,readmitte,0.0,weeke,0.0,gematriculator,0.0,outshine,0.0,apropos,0.0,deserted,0.001,disapeare,0.0,jokes,0.0,explainable,0.0,wooly,0.0,homo,0.0
86,neighborhood,0.001,sanctimoniously,0.0,lose,0.004,wooly,0.0,mastery,0.0,approbation,0.0,demos,0.0,flirtation,0.0,irrelevance,0.0,rightness,0.0,adversarial,0.0,irrelevance,0.0,snowblow,0.0,powerful,0.002,rightness,0.0,epigraph,0.0,thoroughly,0.0,irrelevance,0.0,epigraph,0.0,adversarial,0.0,websurfing,0.0,adversarial,0.0,adversarial,0.0,epigraph,0.0,waste,0.003,irrelevance,0.0,flirtation,0.0,simulacrum,0.0,joneslibrary,0.0,favourable,0.0,pipi,0.0,cdm,0.0,pearl,0.001,wearin,0.0,weeke,0.0,flirtation,0.0,explainable,0.0,ptscakes,0.0
87,ish,0.001,ravine,0.0,check,0.004,readmitte,0.0,melon,0.0,tapping,0.0,divot,0.0,disapeare,0.0,exquisite,0.0,jinny,0.0,apropos,0.0,rightness,0.0,snowblowing,0.0,cinema,0.002,volatility,0.0,irrelevance,0.0,one,0.0,divot,0.0,ravine,0.0,epigraph,0.0,adversarial,0.0,begging,0.0,epigraph,0.0,cdm,0.0,quality,0.003,divot,0.0,disapeare,0.0,indecisive,0.0,adversarial,0.0,websurfing,0.0,cdm,0.0,divot,0.0,sting,0.001,longevity,0.0,joneslibrary,0.0,jokes,0.0,homo,0.0,splendidly,0.0
88,noon,0.001,divot,0.0,bring,0.004,explainable,0.0,begging,0.0,exquisite,0.0,explainable,0.0,wearin,0.0,rightness,0.0,volatility,0.0,epigraph,0.0,volatility,0.0,websurfing,0.0,peach,0.002,wooly,0.0,rightness,0.0,confident,0.0,rightness,0.0,irrelevance,0.0,unitard,0.0,snowblowing,0.0,epigraph,0.0,irrelevance,0.0,irrelevance,0.0,amount,0.003,rightness,0.0,ptscakes,0.0,jokes,0.0,outshine,0.0,approbation,0.0,divot,0.0,explainable,0.0,swirl,0.0,mastery,0.0,melon,0.0,disapeare,0.0,flirtation,0.0,hypocondriac,0.0
89,end,0.001,cdm,0.0,same,0.004,disapeare,0.0,exquisite,0.0,mastery,0.0,jinny,0.0,longevity,0.0,wooly,0.0,explainable,0.0,rightness,0.0,wooly,0.0,cubsesque,0.0,wisdom,0.002,explainable,0.0,volatility,0.0,stair,0.0,wooly,0.0,rightness,0.0,rightness,0.0,epigraph,0.0,rightness,0.0,rightness,0.0,volatility,0.0,almost,0.003,wooly,0.0,wearin,0.0,weeke,0.0,epigraph,0.0,waddle,0.0,jinny,0.0,jinny,0.0,eating_habit,0.0,outshine,0.0,adversarial,0.0,longevity,0.0,wearin,0.0,staggeringly,0.0
90,over,0.001,apropos,0.0,soon,0.004,wearin,0.0,tapping,0.0,outshine,0.0,sanctimoniously,0.0,mastery,0.0,explainable,0.0,flirtation,0.0,volatility,0.0,explainable,0.0,melon,0.0,brush,0.002,flirtation,0.0,wooly,0.0,ditch,0.0,explainable,0.0,volatility,0.0,volatility,0.0,hooded,0.0,volatility,0.0,volatility,0.0,wooly,0.0,bunch,0.003,explainable,0.0,mastery,0.0,joneslibrary,0.0,rightness,0.0,staggeringly,0.0,ravine,0.0,sanctimoniously,0.0,skimpy,0.0,apropos,0.0,irrelevance,0.0,mastery,0.0,longevity,0.0,cardero,0.0
91,come,0.001,outshine,0.0,yet,0.004,longevity,0.0,termite,0.0,apropos,0.0,homo,0.0,outshine,0.0,flirtation,0.0,disapeare,0.0,wooly,0.0,flirtation,0.0,begging,0.0,sentence,0.002,disapeare,0.0,explainable,0.0,brownie,0.0,flirtation,0.0,preventative,0.0,wooly,0.0,approbation,0.0,maddness,0.0,wooly,0.0,explainable,0.0,brain,0.003,flirtation,0.0,outshine,0.0,kaleidoscope,0.0,volatility,0.0,hypocondriac,0.0,sanctimoniously,0.0,homo,0.0,nit,0.0,cdm,0.0,rightness,0.0,outshine,0.0,mastery,0.0,approbation,0.0
92,sorta,0.001,mastery,0.0,already,0.004,mastery,0.0,readmitte,0.0,ravine,0.0,ptscakes,0.0,apropos,0.0,disapeare,0.0,wearin,0.0,explainable,0.0,disapeare,0.0,exquisite,0.0,poop,0.002,wearin,0.0,flirtation,0.0,transform,0.0,disapeare,0.0,snowblow,0.0,explainable,0.0,waddle,0.0,wooly,0.0,explainable,0.0,flirtation,0.0,non,0.003,disapeare,0.0,apropos,0.0,adversarial,0.0,wooly,0.0,splendidly,0.0,homo,0.0,ptscakes,0.0,apropos,0.0,divot,0.0,volatility,0.0,apropos,0.0,outshine,0.0,favourable,0.0
93,rescue,0.001,longevity,0.0,break,0.004,outshine,0.0,indecisive,0.0,cushy,0.0,splendidly,0.0,cdm,0.0,wearin,0.0,longevity,0.0,flirtation,0.0,wearin,0.0,tapping,0.0,intense,0.002,longevity,0.0,disapeare,0.0,unfold,0.0,wearin,0.0,explainable,0.0,flirtation,0.0,homeownere,0.0,explainable,0.0,flirtation,0.0,disapeare,0.0,round,0.003,wearin,0.0,cdm,0.0,epigraph,0.0,explainable,0.0,ptscakes,0.0,ptscakes,0.0,splendidly,0.0,longevity,0.0,jinny,0.0,wooly,0.0,cdm,0.0,apropos,0.0,gematriculator,0.0
94,employment,0.001,wearin,0.0,tonight,0.004,apropos,0.0,jokes,0.0,banged,0.0,hypocondriac,0.0,divot,0.0,longevity,0.0,mastery,0.0,disapeare,0.0,longevity,0.0,termite,0.0,trailer,0.002,mastery,0.0,wearin,0.0,fact,0.0,longevity,0.0,outshine,0.0,disapeare,0.0,toastere,0.0,flirtation,0.0,disapeare,0.0,wearin,0.0,term,0.003,longevity,0.0,divot,0.0,flippantly,0.0,flirtation,0.0,homo,0.0,splendidly,0.0,hypocondriac,0.0,shalom,0.0,ravine,0.0,explainable,0.0,divot,0.0,cdm,0.0,sequin,0.0
95,department,0.001,disapeare,0.0,away,0.004,cdm,0.0,weeke,0.0,pop_tart,0.0,staggeringly,0.0,jinny,0.0,mastery,0.0,outshine,0.0,wearin,0.0,mastery,0.0,readmitte,0.0,pause,0.002,outshine,0.0,longevity,0.0,farewell,0.0,mastery,0.0,waddle,0.0,wearin,0.0,preventative,0.0,disapeare,0.0,wearin,0.0,longevity,0.0,exciting,0.003,mastery,0.0,jinny,0.0,snowblow,0.0,disapeare,0.0,sanctimoniously,0.0,hypocondriac,0.0,staggeringly,0.0,beaded,0.0,sanctimoniously,0.0,flirtation,0.0,jinny,0.0,divot,0.0,unitard,0.0
96,bbq,0.001,flirtation,0.0,kind,0.004,divot,0.0,slectively,0.0,pineapple_slice,0.0,waddle,0.0,ravine,0.0,outshine,0.0,apropos,0.0,longevity,0.0,outshine,0.0,indecisive,0.0,approve,0.001,apropos,0.0,mastery,0.0,call,0.0,outshine,0.0,staggeringly,0.0,longevity,0.0,perservere,0.0,wearin,0.0,longevity,0.0,mastery,0.0,effort,0.003,outshine,0.0,ravine,0.0,irrelevance,0.0,wearin,0.0,ravine,0.0,staggeringly,0.0,waddle,0.0,outshine,0.0,homo,0.0,disapeare,0.0,ravine,0.0,jinny,0.0,secutity,0.0
97,boy,0.001,explainable,0.0,different,0.004,jinny,0.0,jinny,0.0,iced_water,0.0,approbation,0.0,sanctimoniously,0.0,apropos,0.0,cdm,0.0,mastery,0.0,apropos,0.0,typepad,0.0,shell,0.001,cdm,0.0,outshine,0.0,sound,0.0,apropos,0.0,handwritten,0.0,mastery,0.0,kindhearte,0.0,longevity,0.0,mastery,0.0,outshine,0.0,raise,0.003,apropos,0.0,sanctimoniously,0.0,bulge,0.0,longevity,0.0,jinny,0.0,waddle,0.0,approbation,0.0,pop_tart,0.0,ptscakes,0.0,wearin,0.0,sanctimoniously,0.0,ravine,0.0,slectively,0.0
98,lecturer,0.001,splendidly,0.0,least,0.003,flirtation,0.0,websurfing,0.0,wearin,0.0,ravine,0.0,weeke,0.0,volatility,0.0,wooly,0.0,irrelevance,0.0,divot,0.0,hooded,0.0,meter,0.001,indecisive,0.0,melon,0.0,hard,0.0,volatility,0.0,joneslibrary,0.0,tapping,0.0,joneslibrary,0.0,irrelevance,0.0,cubsesque,0.0,rightness,0.0,obviously,0.003,volatility,0.0,longevity,0.0,cdm,0.0,irrelevance,0.0,cdm,0.0,favourable,0.0,ravine,0.0,homeownere,0.0,rightness,0.0,epigraph,0.0,wearin,0.0,disapeare,0.0,banged,0.0
99,all,0.0,hooded,0.0,enjoy,0.003,preferebly,0.0,longevity,0.0,favourable,0.0,assembler,0.0,yupit,0.0,katie,0.0,hahahahahhha,0.0,careers,0.0,wap,0.0,cdm,0.0,ending,0.001,phonecall,0.0,careers,0.0,same,0.0,botanicum,0.0,jinny,0.0,billy,0.0,sanctimoniously,0.0,botanicum,0.0,enjoi,0.0,prodidy,0.0,reason,0.003,basiculy,0.0,careers,0.0,wearin,0.0,preferebly,0.0,wardgui,0.0,skippe,0.0,welljust,0.0,mastery,0.0,okdont,0.0,hahahahahhha,0.0,pipi,0.0,katie,0.0,wml,0.0
